{"model": "XGBoost Classifier", "num_classes": 3, "standard_scaler_transform": true, "pca_transform": false, "params_tested": {"max_depth": [5, 10], "learning_rate": [0.1, 0.05]}, "best_parameters": {"learning_rate": 0.05, "max_depth": 5}, "accuracy": 0.5231788079470199, "weighted_f1_score": 0.47500381620138793, "weighted_precision": 0.45455014843732616, "weighted_recall": 0.5231788079470199, "run_id": "fe9bbf0a-aa9c-11ee-9f2e-48bf6be64d8c", "run_date": "2024-01-04 12:02:55.830524"}